name,lat,lon,dgis_id,dgis_match_name,dgis_address,dgis_point_lat,dgis_point_lon,dgis_general_rating,dgis_general_review_count,dgis_general_review_count_with_stars,dgis_org_rating,dgis_org_review_count,dgis_rating_raw,dgis_review_count_raw
Com,55.76828,37.644618,7E+16,"Com 1989, кафе вьетнамской кухни","Мясницкая улица, 46 ст1",55.768263,37.644684,3.4,7,12,4.5,164,,
Шоколадница,55.757364,37.631644,4.50413E+15,"Шоколадница, кофейня","улица Маросейка, 3/13 ст1",55.757378,37.63158,3.2,282,574,3.2,3191,3.3,8
Кофе Хауз,55.757643,37.658665,7E+16,"Sweet lavka, магазин азиатских сладостей","улица Земляной Вал, 33",55.757617,37.658685,4,13,21,3.7,88,,
Алтаргана,55.767346,37.652294,4.50413E+15,"Алтаргана, кафе","Садовая-Черногрязская улица, 3Б ст1",55.767331,37.652387,4.6,151,252,4.6,151,3,5
Буржуй,55.774863,37.67189,4.50413E+15,"Буржуй, свадебная площадка","Нижняя Красносельская улица, 40/12 к8",55.774832,37.672039,4.3,11,29,4.7,24,5,1
Kalabasa,55.762531,37.679773,7E+16,"Kalabasa, ресторан и кондитерская","набережная Академика Туполева, 15 к26",55.762569,37.679773,5,574,16383,5,574,5,2
Погребок,55.761781,37.634187,,,,,,,,,,,,
Кафе на Басманной,55.768943,37.668711,4.50413E+15,"На Басманной, кафе","Старая Басманная улица, 34",55.768962,37.668699,5,37,40,5,37,,
БлинБери,55.764734,37.639685,7E+16,"БлинБери, блинная быстрого обслуживания","Чистопрудный бульвар, 1а",55.764762,37.6397,3.8,9,15,4.5,373,,
Тбилисо,55.768274,37.679352,7E+16,"Тбилисо, хинкальная","Бауманская улица, 58/3 ст2",55.768326,37.67944,4,37,48,3.9,120,5,1
Surf Coffee,55.762409,37.634897,7E+16,"Лавка Счастья, магазин кондитерских изделий","Мясницкая улица, 13 ст3",55.762633,37.63465,4.3,3,6,4.2,23,,
Чайная высота,55.759955,37.64798,4.50413E+15,"Чайная высота, дом чая и мороженого","улица Покровка, 27 ст1",55.760022,37.647897,4.8,66,269,4.8,107,4.5,40
Black Milk,55.762112,37.642506,7E+16,"Black milk, кофейня","Чистопрудный бульвар, 12 к4",55.762121,37.642627,4.8,51,70,4.9,100,5,3
Булка,55.759546,37.646376,4.50413E+15,"Булка, ресторан-пекарня","улица Покровка, 19",55.759532,37.646441,4.4,102,183,3.7,183,4.4,27
Бейрут,55.764267,37.653134,4.50413E+15,"Бейрут, кафе","улица Машкова, 22",55.764258,37.653183,4.6,52,66,4.6,52,4.1,7
Prime,55.761639,37.658445,4.50413E+15,"Prime, кафе","улица Земляной Вал, 9",55.762126,37.658796,4.7,18,46,4.6,1505,5,2
Кафе-столовая,55.776492,37.694608,,,,,,,,,,,,
Frank by Баста,55.762827,37.635186,7E+16,"Frank by Баста, реберная","Мясницкая улица, 24",55.762841,37.635262,4.9,3389,37556,4.9,24844,,
Брусника,55.757627,37.636339,4.50413E+15,"Брусника, кафе-кулинария","улица Маросейка, 8",55.757636,37.636436,4.4,205,351,4.5,1521,4.1,46
Николай,55.764477,37.657061,4.50413E+15,"Николай, бар-буфет","Старая Басманная улица, 5 ст1",55.764465,37.657073,4.7,34,42,4.7,95,4.2,6
Maestrello,55.758775,37.645873,7E+16,"Pizza Maestrello, кафе-пиццерия","улица Покровка, 16",55.758804,37.645846,4.8,225,445,4.8,451,4.6,16
Рамен Клаб,55.760852,37.632489,4.50413E+15,"Рамен-клаб, раменная","Мясницкая улица, 16",55.760869,37.632531,4.2,94,124,3.6,199,4.3,14
Волконский,55.765075,37.638946,,,,,,,,,,,,
Kiosk 1936,55.761946,37.642661,7E+16,"kiosk 1936, кафе","Чистопрудный бульвар, 12 к4",55.761982,37.642774,4.7,99,218,4.7,99,,
КК 12/10,55.761911,37.635784,,,,,,,,,,,,
Beats & Brew,55.754999,37.667156,7E+16,"Beats&Brew, кофейня","4-й Сыромятнический переулок, 3/5 ст3",55.755012,37.667209,5,5,7,5,5,,
Академия вкуса,55.769155,37.672822,,,,,,,,,,,,
Месье Круассан,55.770846,37.678783,4.50413E+15,"Месье круассан, кафе","Бауманская улица, 42",55.770892,37.678858,3.9,54,67,3.9,54,4,4
Bubble Mania,55.757648,37.636641,7E+16,"Bubble point, кофейня","улица Маросейка, 8",55.757643,37.636561,5,1,1,5,1,,
Patisserie Francois Bodrero,55.757703,37.636949,7E+16,"Bodrero, кондитерская","улица Маросейка, 10/1 ст1",55.757757,37.637146,3.7,55,67,4.2,384,3.3,3
Stolovaya,55.761887,37.652025,7E+16,Stolovaya,"улица Покровка, 38 ст5",55.761902,37.652148,4.9,31,68,4.9,28,,
Убежище,55.761141,37.637551,4.50413E+15,"Убежище, антикафе","Архангельский переулок, 7 ст1",55.761141,37.63767,4.9,225,241,4.8,627,4.7,30
Pho U,55.771569,37.68231,7E+16,"Pho u, кафе вьетнамской уличной еды","Ладожская улица, 7",55.771574,37.682387,3.2,34,40,3.3,77,5,1
Меркато,55.768559,37.659399,,,,,,,,,,,,
Котиссимо,55.770043,37.665554,7E+16,"Котиссимо, котокафе","Новая Басманная улица, 31 ст1",55.770067,37.665605,4.7,68,104,4.7,68,3.5,2
Кофепровод,55.758697,37.654213,7E+16,"Кофепровод, кофейня","Яковоапостольский переулок, 9 ст1",55.758727,37.654335,4.2,24,26,4.2,24,3.8,6
Латте,55.767316,37.660138,7E+16,"Мишки любят пиццу, кафе",,55.767445,37.659698,,,,,,,
Главпирог,55.768555,37.684233,7E+16,"Главпирог, кафе-пекарня","Старокирочный переулок, 16/2 ст1",55.768582,37.684322,4.1,11,13,4.2,56,5,2
Поварская лавка,55.761363,37.683465,,,,,,,,,,,,
Farro,55.758452,37.639324,,,,,,,,,,,,
Хинкали Point,55.754601,37.637679,7E+16,"Хинкали point, кафе грузинской кухни","улица Забелина, 1",55.754591,37.637758,4.5,307,363,4.8,709,4.4,16
Парос,55.771766,37.673891,4.50413E+15,"Парос, кафе","Спартаковская улица, 8",55.771775,37.673823,4.3,33,53,4.3,33,5,2
Don Giulio Pasticceria,55.760077,37.648651,7E+16,"Don Giulio, кафе-лавка итальянских продуктов","улица Покровка, 27 ст1",55.760049,37.648586,4.4,33,44,4.4,33,5,1
Папа Вейдер,55.75924,37.632436,7E+16,"Папа Вейдер, кафе-клуб","Большой Златоустинский переулок, 3/5 ст1",55.759197,37.632506,4.3,105,187,4.3,105,3.9,16
Питербургер,55.771469,37.679583,7E+16,"Питербургер, бургерная","улица Фридриха Энгельса, 3-5 ст1",55.771494,37.679594,4.4,137,263,4.6,206,4.3,10
Scrocchiarella,55.758679,37.639607,7E+16,"Scrocchiarella, римская пиццерия","улица Покровка, 1/13/6 ст2",55.758695,37.639672,4.5,80,103,4.2,139,4.4,18
Кулинарная лавка братьев Караваевых,55.761243,37.632693,7E+16,Кулинарная лавка братьев Караваевых,"Мясницкая улица, 18 ст1",55.761269,37.632811,4.5,170,340,4,674,3.5,2
Coffee Like,55.778645,37.690534,7E+16,"ВкусВилл, кофейный автомат","Переведеновский переулок, 18 ст4",55.779258,37.689783,,,,,,,
Хвоя,55.766551,37.660815,,,,,,,,,,,,
Буфет Паштет,55.760781,37.651257,7E+16,"Волшебная арфа, ресторан","Лялин переулок, 3 ст3",55.760385,37.651644,5,4,5,5,4,,
Чайных Дел Мастерская,55.760956,37.635507,7E+16,"Чайных дел мастерская, чайный клуб","Армянский переулок, 3-5 ст10",55.760869,37.635802,4.7,77,125,4.7,77,4.6,9
Paella Catalana,55.752173,37.669696,7E+16,"Paella Catalana, ресторан","Нижняя Сыромятническая улица, 10 ст4",55.752184,37.669636,4.5,36,43,4.5,36,,
Свои люди,55.774711,37.68619,,,,,,,,,,,,
FOB's,55.763465,37.642894,,,,,,,,,,,,
Даблби,55.757959,37.658444,,,,,,,,,,,,
IWant,55.772413,37.673045,,,,,,,,,,,,
Burger Heroes,55.757356,37.634036,7E+16,"Burger Heroes, бургер-бар","улица Маросейка, 4/2 ст1",55.757345,37.63409,4.6,151,300,4.1,1200,4.7,9
Магнолия,55.7582,37.6393,7E+16,"Магнолия, супермаркет","улица Покровка, 2/1 ст1",55.758114,37.638884,3.4,40,72,4.3,7348,4,1
Токмакоff,55.765109,37.670254,,,,,,,,,,,,
Грамотный Кофе,55.760131,37.646793,7E+16,"Полдень, кофейня","Чистопрудный бульвар, 23 ст2",55.760524,37.647204,4.1,82,154,4.1,82,,
OneBucksCoffee,55.771413,37.68234,7E+16,"Cofix, кофейня","Ладожская улица, 4/6 ст4",55.771405,37.68202,4.6,47,126,3.8,6954,4.7,3
Caffein Lab,55.781829,37.696767,7E+16,"КофеинЛаб, кофейня","Большая Почтовая улица, 36 ст9",55.781034,37.69726,4.5,16,19,4.5,16,,
Financier,55.77443,37.673651,7E+16,"Financier, кафе-кондитерская","Нижняя Красносельская улица, 35 ст50",55.77443,37.673691,3.9,11,13,3.9,11,,
Эль Кафе,55.759461,37.665837,7E+16,"Эль кафе, кофейня","Нижний Сусальный переулок, 5 ст19",55.759514,37.665979,4.7,21,35,4.4,65,4.9,8
OMG!Coffee,55.760494,37.66409,7E+16,"Дринкит, кофейня","Нижний Сусальный переулок, 5 ст9",55.760656,37.663699,4.1,10,16,4.6,802,,
Вкус внутри,55.781962,37.696807,,,,,,,,,,,,
Токпокки,55.767455,37.679489,,,,,,,,,,,,
That place,55.761558,37.642981,7E+16,"That Place, кофейня","Чистопрудный бульвар, 12 к4",55.761596,37.64303,4.7,30,63,4.7,30,,
Coffee&Milk,55.772491,37.676473,7E+16,Кофе класс,"Бауманская улица, 32 ст1",55.772493,37.677999,5,4,5,5,4,,
West 4,55.774903,37.670341,,,,,,,,,,,,
Cofix,55.772666,37.678691,7E+16,"Cofix, кофейня","Бауманская улица, 33/2 ст1",55.772638,37.678774,4.5,53,197,3.8,6954,,
Сыр & кофе,55.753397,37.643296,7E+16,"Сыр&кофе, кафе-магазин","Хитровский переулок, 3/1 ст4",55.753382,37.643182,4.7,55,77,4.7,55,,
Общага,55.763397,37.660807,4.50413E+15,"Московский государственный университет геодезии и картографии, общежитие №1","Гороховский переулок, 4 ст4",55.76356,37.660945,4.3,4,8,3.7,6,5,1
Школьник,55.761725,37.65677,7E+16,"Школьник, кофейня","улица Земляной Вал, 12/7 ст1",55.761731,37.656844,4.2,31,48,4.2,31,,
Les,55.776613,37.674643,,,,,,,,,,,,
PhoBo,55.766659,37.677863,,,,,,,,,,,,
WakeCup Coffee,55.752726,37.66876,7E+16,"Wakecup, кофейня","Нижняя Сыромятническая улица, 10 ст12",55.75263,37.668847,4,6,8,4.4,12,,
Другая кофейня,55.766397,37.662572,7E+16,"Другая, кофейня","Старая Басманная улица, 21/4 ст2",55.766463,37.662678,4.9,15,29,4.9,15,,
Кофик,55.763018,37.679193,,,,,,,,,,,,
Jeffrey's Coffee,55.77134,37.683047,7E+16,"Jeffrey`s coffee, тайм-кофейня","Ладожская улица, 8",55.771344,37.682765,4.4,15,24,4.7,17,4.6,8
Bloom-n-brew,55.774651,37.673291,7E+16,"Bloom-n-brew, кофейня","Нижняя Красносельская улица, 35 ст50",55.774688,37.673318,4.4,47,88,4.4,142,4.1,8
Svoё cafe,55.776606,37.699999,,,,,,,,,,,,
Дела кофейные,55.762568,37.648218,7E+16,"Дела кофейные, кофейня","улица Чаплыгина, 16",55.762592,37.648267,2.7,6,7,2.7,6,,
Casa Leone,55.756638,37.632365,7E+16,"Casa Leone, итальянское кафе-джелатерия","Лубянский проезд, 15 ст2",55.756563,37.632467,4.9,147,2516,4.9,147,4.7,40
Red Brick,55.755864,37.644066,7E+16,"Red Brick, кафе-бар","Хохловский переулок, 10 ст6",55.75591,37.644088,3.4,4,13,3.4,4,,
Япоkofe,55.762789,37.654527,,,,,,,,,,,,
Грабли,55.753779,37.637814,7E+16,"Грабли, фуд-бар","улица Солянка, 1/2 ст1",55.753727,37.637771,4.4,295,490,3.9,1990,4.4,26
Котофейня,55.757464,37.637162,7E+16,"Котофейня, антикафе","улица Маросейка, 10/1",55.757439,37.637199,4.9,284,363,4.9,355,4.6,10
Грамотный кофе,55.756973,37.653164,7E+16,"Чашка настоящего, кофейня","Подсосенский переулок, 17",55.757163,37.652615,4.6,17,19,4.6,17,,
Пересвет,55.755974,37.655552,,,,,,,,,,,,
Гнездо,55.760129,37.651049,4.50413E+15,"Гнездо, антикафе","Лялин переулок, 8 ст2",55.760046,37.651018,4.9,281,304,4.8,627,4.7,71
ABC coffee roasters,55.759009,37.642162,7E+16,"Abc Coffee Roasters, кофейня","улица Покровка, 7/9-11 ст1",55.759035,37.642269,4.6,78,194,4.6,530,,
Буфетрина,55.753062,37.671029,7E+16,"Буфетрина. 2, кофейня","Нижняя Сыромятническая улица, 11 к1",55.75307,37.671024,5,1,1,4.5,22,,
Чихо,55.752858,37.669389,7E+16,"Chiho, китайская закусочная","Нижняя Сыромятническая улица, 10 ст8",55.752893,37.669423,4.3,42,73,4.4,762,,
Пицца Паоло,55.759714,37.659711,,,,,,,,,,,,
Мох / Волна,55.75215,37.668951,7E+16,"Мох, веганское кафе","Нижняя Сыромятническая улица, 10 ст7",55.752187,37.668932,4.4,95,124,4.4,95,,
Lancheria,55.752032,37.670161,7E+16,"Lancheria, гастробистро","Нижняя Сыромятническая улица, 10 ст4",55.752096,37.670108,4.1,21,33,4.1,21,,
Гоген,55.753225,37.667551,7E+16,"Гоген, кафе","Нижняя Сыромятническая улица, 10 ст10",55.753261,37.667517,3.3,68,123,3.3,68,1.7,3
Джи Пи Вингс,55.767898,37.646767,,,,,,,,,,,,
Red Black Family,55.762007,37.648933,,,,,,,,,,,,
Фо Вьет,55.765369,37.63946,7E+16,"Фо Вьет, кафе вьетнамской кухни","Мясницкая улица, 32 ст2",55.765358,37.639639,4.9,8,13,4.9,27,,
Инсайт,55.767405,37.650868,,,,,,,,,,,,
Uon Coffee,55.761328,37.656985,7E+16,Кофейня,"улица Земляной Вал, 14-16 ст1",55.760941,37.657057,5,2,2,5,2,,
Senti Menti,55.754345,37.637593,7E+16,Senti Menti,"улица Солянка, 1/2 ст1",55.754297,37.637625,4.3,52,111,4.3,52,,
On Sight,55.758772,37.647514,7E+16,"On Sight, летнее кафе","улица Покровка, 20/1",55.758788,37.647493,5,5,10,5,5,,
smart_cafe,55.776103,37.679032,7E+16,"smart day, кофейня","Спартаковская площадь, 16/15 ст2",55.776147,37.679044,4.6,36,62,4.6,36,,
Ладо,55.762802,37.637411,7E+16,"Ладо, ресторан-бар","Кривоколенный переулок, 9 ст2",55.762842,37.637317,4.9,277,5832,4.9,277,5,1
Ни свет ни заря,55.762156,37.651801,7E+16,"Ни свет ни заря, кофейня","улица Покровка, 41 ст1",55.762221,37.651991,4.4,64,101,4.7,67,4,1
Лепим и варим,55.757728,37.634997,7E+16,"Лепим и варим, пельменная","улица Маросейка, 9/2 ст1",55.757735,37.635004,4.6,140,198,4.3,899,5,4
Jeffreys coffeeshop,55.754081,37.649733,7E+16,"Coffee master, экспресс-кофейня самообслуживания","Дурасовский переулок, 9",55.754822,37.651137,,,,,,,
Охотка,55.757533,37.63666,7E+16,"Охотка, кафе быстрого питания","улица Маросейка, 8",55.757506,37.636702,4.1,54,75,4.4,99,,
Film.bar,55.761635,37.640484,,,,,,,,,,,,
Coffee Cona,55.754442,37.636498,7E+16,"Concerto, автомат по продаже кофе","Большой Спасоглинищевский переулок, 14",55.754653,37.636146,,,,,,,
Hav.Palass,55.764696,37.653935,,,,,,,,,,,,
Тхань,55.772401,37.664266,7E+16,"Тхань, кафе","Новорязанская улица, 25 ст1",55.772414,37.664261,4.7,57,70,4.8,97,5,1
Дринкит,55.760622,37.663753,7E+16,"Дринкит, кофейня","Нижний Сусальный переулок, 5 ст9",55.760656,37.663699,4.1,10,16,4.6,802,,
Corner Coffee,55.755079,37.64779,7E+16,"Corner coffee roasters, кофейня","Покровский бульвар, 14/6",55.755098,37.647831,3.9,21,35,3.9,21,,
CofeFest,55.775743,37.671802,,,,,,,,,,,,
Taco Time,55.768271,37.684103,7E+16,"Taco Time, гриль-бар мексиканской еды и пива","Старокирочный переулок, 16/2 ст1",55.768527,37.684295,4.5,31,46,4.5,31,,
Старик Хинкалыч,55.767646,37.646708,7E+16,"Старик Хинкалыч, хинкальная","Большой Козловский переулок, 3/2",55.767685,37.646819,4.3,64,150,4.3,1659,1,1
Kitsune,55.768416,37.684169,7E+16,"Kitsune, японская кофейня","Старокирочный переулок, 16/2 ст1",55.76846,37.684263,5,1,1,5,1,,
Сыто Piano,55.758645,37.641482,7E+16,"Сыто Пьяно, кафе","улица Покровка, 4 ст1",55.758664,37.641529,3.4,100,149,3.5,631,,
Загорами,55.773945,37.681821,7E+16,"Zagorami, ресторан","Бакунинская улица, 14 ст1",55.773924,37.681921,4.4,75,108,4.4,75,,
Stim,55.776047,37.678289,7E+16,"Stim, кофейня","Бауманская улица, 15 к4",55.776093,37.678424,4.4,82,140,4.4,82,4.2,5
Crosby Coffee,55.773507,37.665366,7E+16,"Crosby Coffee, кофейня","Ольховская улица, 4 к1",55.773519,37.665362,5,8,10,4.6,86,,
Вспышка,55.775998,37.672458,7E+16,"Вспышка, кофейня","Нижняя Красносельская улица, 35 ст2",55.775988,37.672225,4.7,60,72,4.7,60,4.8,14
Шашлычок,55.77715,37.674006,7E+16,"Шашлычок, кафе быстрого обслуживания","Нижняя Красносельская улица, 35 ст52",55.777212,37.674043,4.7,56,75,4.7,56,,
Pear-6,55.754027,37.650169,,,,,,,,,,,,
Лунго,55.767341,37.650634,,,,,,,,,,,,
Пороселло,55.770781,37.678795,7E+16,"Пороселло, кафе-бар","Бауманская улица, 42",55.770826,37.678874,4.6,98,142,4.6,170,5,1
SeDelice,55.768015,37.647678,7E+16,"SeDelice, французская пекарня","Хоромный тупик, 2/6",55.768055,37.647803,4.5,28,56,4.1,2475,,
Fettucciamo,55.760892,37.632377,7E+16,"Fettucciamo, кафе","Мясницкая улица, 16",55.76091,37.632427,4.5,61,113,4.4,66,,
StandUp Cafe,55.759099,37.645636,7E+16,"StandUp Cafe, стендап-клуб","улица Покровка, 16",55.759123,37.645649,4.4,62,198,4.4,62,,
Taam hummus bar,55.7598,37.647012,7E+16,"Taam Hummus Bar, кафе израильской кухни","улица Покровка, 21-23/25 ст1",55.759853,37.647031,4.7,32,44,4.8,72,,
Я тебя люля,55.758617,37.645989,7E+16,"Я Тебя Люля, кафе","улица Покровка, 16",55.75868,37.645922,4.7,113,158,4.7,113,5,1
Dragon Bubble Tea,55.771326,37.680693,7E+16,"Dragon, точка безалкогольных напитков","Ладожская улица, 4/6 ст5",55.771325,37.680773,3.7,31,37,2.8,60,,
Tintoretto,55.759922,37.65277,7E+16,"Tintoretto coffee, кофейня","Малый Казённый переулок, 2",55.76,37.65278,4.7,18,26,4.7,18,,
Публика,55.766469,37.663504,7E+16,"Публика, кафе-бар","Старая Басманная улица, 18 ст4",55.766435,37.663657,4.5,47,93,4.5,47,,
Полдень,55.76053,37.647203,7E+16,"Полдень, кофейня","Чистопрудный бульвар, 23 ст2",55.760524,37.647204,4.1,82,154,4.1,82,,
Coffee Moose,55.767537,37.665201,,,,,,,,,,,,
Грот,55.761304,37.680221,,,,,,,,,,,,
Ramen Ten,55.758598,37.641202,7E+16,"Ramen ten, раменная","улица Покровка, 4 ст1",55.758618,37.641262,5,616,14010,4.8,721,5,1
Хинкали у Нино,55.75858,37.641092,7E+16,"Хинкали у Нино, кафе","улица Покровка, 4 ст1",55.75859,37.641106,4.7,87,122,4.7,87,1,1
Kafe,55.778415,37.691007,7E+16,"Ланчиеды, кафе","Бакунинская улица, 74-76 к7",55.778462,37.690998,3.7,3,3,3.7,3,,
Jinju,55.759095,37.642807,7E+16,Jinju bubble tea,"улица Покровка, 9",55.759102,37.642811,4.8,20,25,4.8,169,,
KOM,55.759982,37.652862,7E+16,"Kom Pizza, веганская пиццерия","Малый Казённый переулок, 2",55.760028,37.652886,4.5,42,63,4.5,42,,
РомБаба,55.75871,37.641842,,,,,,,,,,,,
Мегрули,55.763259,37.654662,7E+16,"Мегрули, кафе грузинской кухни","улица Покровка, 48 ст1",55.763277,37.654686,4.4,79,107,4.4,79,,
Kebab Ø18,55.758689,37.645935,7E+16,"Kebab Ø18, кафе","улица Покровка, 16/16 ст1",55.758765,37.64587,5,3,9,5,3,,
J'pan,55.762008,37.634148,7E+16,"J`pan, японское кафе","Мясницкая улица, 22 ст1",55.762043,37.634193,4.9,286,5238,4.6,1640,,
Skrepka!,55.758848,37.639718,7E+16,"Skrepka, кафе","Девяткин переулок, 7",55.75891,37.63975,4.4,23,33,4.4,23,,
CVC,55.762326,37.642219,7E+16,"Cvc, кафе китайской кухни","Чистопрудный бульвар, 10 ст1",55.762309,37.64238,4.7,57,80,4.1,69,,
Vivian's,55.754709,37.634617,7E+16,"Vivian`s Bistro, кафе","Лубянский проезд, 25 ст2",55.754637,37.634671,4.9,681,9906,4.9,681,5,2
Белые Облака,55.758661,37.641562,4.50413E+15,"Белые облака, культурный центр","улица Покровка, 4 ст1",55.758679,37.641612,5,1,11,5,1,,
Papa Grill,55.780489,37.696925,7E+16,"Телестайл, компания","Большая Почтовая улица, 36 ст9",55.78077,37.697542,,,,,,,
Гриль & Сувлаки,55.780501,37.697053,7E+16,"Телестайл, компания","Большая Почтовая улица, 36 ст9",55.78077,37.697542,,,,,,,
Эклерная Клер,55.77241,37.675779,7E+16,"Клер, эклерная","Спартаковская улица, 16",55.772475,37.675899,4.3,43,72,4.3,86,5,4
Soul Coffee,55.765048,37.65425,7E+16,"Gog, хюгге-кофейня","улица Машкова, 21",55.76471,37.653989,5,39,181,4.9,125,,
La Virgen,55.758643,37.629507,7E+16,"La Virgen, гастробар мексиканского стритфуда","Лубянский проезд, 5 ст1",55.758666,37.629652,4.4,206,275,4.4,206,,
Табак & кофейня,55.764933,37.655664,,,,,,,,,,,,
Сахара Экспресс,55.767415,37.665015,7E+16,"Сахара Экспресс, кафе","Старая Басманная улица, 25 ст2",55.767479,37.665054,4.4,14,20,3.9,92,,
Лаванда кофе,55.775135,37.672625,7E+16,"Дринкит, кофейня","Нижняя Красносельская улица, 35 ст48",55.775143,37.672661,5,1,1,4.6,802,,
Mnoga кофе,55.776308,37.676394,7E+16,"Mnoga кофе, кофейня","Бауманская улица, 9",55.776335,37.676455,4.1,21,25,4.1,21,,
Чикен пита,55.78152,37.696797,,,,,,,,,,,,
Ngon,55.776477,37.675013,7E+16,"Pho`Ngon, кафе вьетнамской кухни","Нижняя Красносельская улица, 35 ст59",55.776699,37.674941,5,8,18,4.6,125,,
Картофан,55.776464,37.674977,7E+16,"Картофан, ресторан быстрого питания","Нижняя Красносельская улица, 35 ст59",55.776699,37.674941,2.3,3,3,2.3,3,,
Bels,55.776445,37.674936,,,,,,,,,,,,
Agile,55.768491,37.684204,,,,,,,,,,,,
Bitter drop,55.752255,37.67044,7E+16,"Bitter drop, кофейня","Нижняя Сыромятническая улица, 10 ст4",55.75225,37.670436,4.6,41,92,4.7,55,,
Yumms,55.761375,37.636355,,,,,,,,,,,,
Закуток,55.755026,37.644655,7E+16,Закуток,"Большой Трёхсвятительский переулок, 2/1 ст5",55.755088,37.644911,5,1,1,5,1,,
Эклер,55.75502,37.644804,7E+16,"Эклер, кафетерий-чайная","Большой Трёхсвятительский переулок, 2/1 ст5",55.755088,37.644911,4.8,16,26,4.8,16,,
Квартира 37,55.755076,37.644698,7E+16,"Квартира 37, бар","Большой Трёхсвятительский переулок, 2/1 ст5",55.755088,37.644911,4.8,17,35,4.8,17,,
Аренда,55.755067,37.644432,7E+16,"Аренда, паста-бар","Большой Трёхсвятительский переулок, 2/1 ст5",55.755088,37.644911,4.4,26,51,4.4,26,,
Правда кофе,55.772683,37.67948,7E+16,"Правда Кофе, экспресс-кофейня","Бауманская улица, 33/2 ст3",55.772735,37.679497,4.7,61,162,4.3,2144,,
Чифанька,55.755063,37.642995,,,,,,,,,,,,
Cups & Hugs,55.775726,37.691423,,,,,,,,,,,,
Север-Метрополь,55.771577,37.680457,7E+16,"Север-Метрополь, кондитерская","улица Фридриха Энгельса, 3/5 ст2",55.771591,37.680507,4.7,38,72,4.8,131,,
Korean Chick,55.770217,37.683669,7E+16,"Korean chick, стритфуд-кафе","переулок Посланников, 18 ст1",55.770248,37.683753,3.4,15,24,3.4,108,,
Шоколадное ателье,55.761958,37.652193,4.50413E+15,"Шоколадное Ателье, кофейня-кондитерская","улица Покровка, 40 ст1",55.762033,37.65225,3.7,15,19,3.7,15,4.8,4
Skuratov Coffee,55.775562,37.672176,7E+16,"Skuratov Coffee, кофейня","Нижняя Красносельская улица, 35 ст49",55.775556,37.672066,4.8,45,119,4.8,1277,5,1
Ra'men,55.755278,37.665474,7E+16,"Ra`men, кафе","4-й Сыромятнический переулок, 1 ст3",55.755266,37.665231,4.8,218,310,4.8,1244,,
Ter.mos,55.779939,37.698838,,,,,,,,,,,,
Bodro Coffee,55.760801,37.662489,7E+16,"Bodro Coffee, экспресс-кофейня","Нижний Сусальный переулок, 5 ст2",55.760776,37.662503,4.8,21,52,4.6,711,,
Drozdov coffee,55.755975,37.665069,7E+16,"Drozdov coffee, экспресс-кофейня","4-й Сыромятнический переулок, 1/8 ст8",55.756014,37.665085,,,,5,2,,
Coffee Frisbee,55.756091,37.665549,7E+16,"Coffee frisbee, кофейня","4-й Сыромятнический переулок, 1/8 ст9",55.756109,37.66549,4.2,41,44,4.2,41,,
Circle,55.763984,37.683535,7E+16,"Circle, пиццерия","2-я Бауманская улица, 9/23 ст3",55.763976,37.683578,4.3,9,11,4.3,9,,
Tary,55.775918,37.683238,7E+16,"Tary Moscow, кафе","Переведеновский переулок, 2а",55.775965,37.683293,4.7,76,98,4.7,76,,
Хаусбот кофе,55.777805,37.69152,7E+16,"Правда Кофе, экспресс-кофейня","улица Фридриха Энгельса, 46 ст7",55.776526,37.690956,,,,,,,
Френдс,55.760588,37.649617,7E+16,"Френдс: Джо не делится едой, кафе","улица Покровка, 31 ст1",55.760599,37.649647,4.8,224,314,4.7,594,,
Ø36,55.754983,37.642922,,,,,,,,,,,,
Viet quan,55.758684,37.641713,,,,,,,,,,,,
Siyai,55.757539,37.634969,7E+16,"Siyai coffee, экспресс-кофейня","улица Маросейка, 6-8 ст1",55.757548,37.634882,4.5,37,42,4.8,38,,
Sare art,55.765894,37.647985,,,,,,,,,,,,
Буханка,55.780042,37.700318,7E+16,"Буханка, пекарня","Большая Почтовая улица, 32 к9",55.779962,37.700327,3.7,3,6,3.7,3,,
Smart Coffee lab,55.75806,37.636165,7E+16,"Smart Coffee Lab, кофейня","улица Маросейка, 11 ст4",55.757924,37.636223,4.9,36,54,4.8,77,5,1
Davs tea,55.771571,37.682421,7E+16,"Davs Tea, безалкогольный бар","Ладожская улица, 7",55.771577,37.682439,5,1,3,4.2,46,,
Erna Hoffman,55.764391,37.657596,,,,,,,,,,,,
Pho-house,55.764439,37.657739,7E+16,"Pho-house, вьетнамская закусочная","Старая Басманная улица, 6 ст3",55.764441,37.657737,4.5,19,28,4.5,103,,
Soul.mo,55.763032,37.65768,7E+16,"Soul.mo coffee, кофейня","улица Земляной Вал, 3/1 ст7",55.7631,37.657737,4.4,10,10,4.4,10,,
Nofilters,55.758385,37.629735,,,,,,,,,,,,
"Дайсы, миплы, два стола",55.768843,37.657354,7E+16,"Office360, интернет-магазин мебели","Новая Басманная улица, 13/2 ст1",55.769783,37.657896,,,,,,,
Пита & Сувлаки,55.754884,37.634462,7E+16,"Istanbul, кафе быстрого питания","Солянский проезд, 2/6 ст1",55.753983,37.636639,4.5,5,7,4.5,5,,
Блины у камина,55.759234,37.649196,7E+16,"Блины у камина, блинная лавка","Барашёвский переулок, вл8",55.759245,37.649234,4.2,15,21,4.2,15,,
Ланч плэйс,55.759448,37.63741,7E+16,"Верасы, ресторан","Армянский переулок, 6",55.758892,37.637716,,,3,,,,
Остров Пасхи,55.759838,37.648909,7E+16,"Остров Пасхи, кофейня","улица Покровка, 26/1 ст1",55.759831,37.648919,4.7,25,51,4.7,25,,
Лан Ма,55.758665,37.640216,7E+16,"Лан Ма, кафе","улица Покровка, 3/7 ст1",55.758693,37.640359,4.5,79,106,4.7,83,,
Stars Coffee,55.764679,37.63979,7E+16,"Stars Coffee, кофейня","Чистопрудный бульвар, 1а",55.764701,37.639833,3.7,7,24,4,2621,,
Friends Place,55.773367,37.684039,7E+16,"Friends place, лаундж-бар","улица Фридриха Энгельса, 25 ст3",55.773361,37.68404,4.6,15,18,4.6,15,,
Coffee Time,55.772249,37.664384,7E+16,"Coffee time, кофейня","Новорязанская улица, 25 ст1",55.772256,37.664282,4.7,7,8,4.8,35,,
Bagel,55.756005,37.634724,7E+16,"Bagel, кошерное кафе","Большой Спасоглинищевский переулок, 8 ст8",55.755985,37.634795,4.5,13,17,4.5,13,4.7,3
Rockstar Dogs,55.754022,37.638389,,,,,,,,,,,,
Агадир,55.771217,37.670116,,,,,,,,,,,,
Мастерская,55.755074,37.645491,7E+16,"Craftsman Ekb, салон оптики","Малый Трёхсвятительский переулок, 1 ст3",55.754853,37.645413,,,1,,,,
Салатница,55.779934,37.698579,7E+16,"SimpleWine, винотека","Большая Почтовая улица, 28 к5",55.779445,37.69821,,,2,4.6,797,,
Tricky,55.766849,37.642327,7E+16,"Tricky, китайская лапшичная","Мясницкая улица, 42/2 ст2",55.766855,37.642343,4.4,31,68,4.4,31,,
Самолёт кофе,55.753588,37.638125,7E+16,"Самолет, экспресс-кофейня","улица Солянка, 1/2 ст2",55.753547,37.638177,5,8,21,4.8,19,,
Fibonacci,55.776555,37.675965,7E+16,Fibonacci Coffee&Wine,"Бауманская улица, 7 ст1",55.776495,37.676091,4.8,48,52,4.8,48,,
Хондэ,55.7761,37.678433,7E+16,"Hongdae, к-поп кафе","Спартаковская площадь, 16/15 ст5",55.776181,37.678506,4.9,38,60,4.9,38,,
Арка маркет,55.780249,37.700424,,,,,,,,,,,,
Легенда,55.779659,37.700387,7E+16,"Хинкальная легенда, ресторан","Большая Почтовая улица, 30 ст1 к10",55.779664,37.700321,4.4,24,33,4.4,24,5,1
Coffee Point,55.77477,37.668895,7E+16,"Sweet coffee, кофейня","Нижняя Красносельская улица, 40/12 к2",55.77419,37.668716,5,3,3,5,3,,
Пан круассан,55.761261,37.662809,7E+16,"Пан Круассан, кофейня","Нижний Сусальный переулок, 5 ст1",55.761368,37.662941,4.1,14,49,4.1,518,,
Pir&Rog,55.754872,37.649056,7E+16,"Pir&rog, ресторан осетинских пирогов","Дурасовский переулок, 1 ст1",55.754864,37.649174,4,20,25,4,20,,
Masa Madre,55.754134,37.638672,7E+16,"Masa Madre, пекарня","улица Забелина, 2",55.754093,37.638663,4.6,92,191,4.6,92,,
Shuttle Coffee,55.771839,37.681941,,,,,,,,,,,,
Мама варит кофе,55.758801,37.64237,7E+16,"Мама варит кофе, кофейня-обжарочная","улица Покровка, 8",55.758822,37.642456,4.4,26,52,4.4,42,,
Окофе,55.758847,37.642642,,,,,,,,,,,,
Лицей,55.760228,37.651406,7E+16,"Лицей, пекарня","Лялин переулок, 8 ст2",55.760191,37.651514,4.7,50,87,4.7,50,,
Meteorite,55.76226,37.635475,,,,,,,,,,,,
Много кофе,55.754633,37.644399,7E+16,"Много Кофе, кофейня","Большой Трёхсвятительский переулок, 2/1 ст1",55.75463,37.644333,4.8,27,27,4.8,27,,
Фо Оань,55.757187,37.632194,7E+16,"Фо Оань, кафе вьетнамской кухни","улица Маросейка, 2/15 ст1",55.757226,37.632212,4.7,41,63,4.6,189,,
Kulek,55.758506,37.639516,7E+16,"Kulёk, кафе","улица Покровка, 1/13/6 ст2",55.758533,37.639601,4.9,184,216,4.9,1210,,
Nova,55.759743,37.647647,7E+16,"Nova Bubble Tea, бар безалкогольных напитков","улица Покровка, 25 ст1",55.759766,37.647688,3.8,5,6,4.1,169,,
Мякоть,55.76034,37.662175,7E+16,"Мякоть, гриль-бар","Нижний Сусальный переулок, 5 ст2",55.760316,37.662187,4.6,45,53,4.6,45,,
Amov,55.763486,37.660165,7E+16,"Amov, кофейня","улица Казакова, 7",55.763392,37.660071,4.5,10,14,4.5,10,,
Kokoro,55.75757,37.635479,,,,,,,,,,,,
Lafferia,55.771496,37.686323,7E+16,"Lafferia, кафе","Малая Почтовая улица, 8 ст2",55.771563,37.686377,4.8,14,18,4.8,14,,
Crazy Cook,55.760949,37.650666,7E+16,"Crazy cook, служба доставки","улица Покровка, 34",55.760961,37.650651,,,,,,,
One special,55.760848,37.666366,7E+16,"One special, кофейня","Нижний Сусальный переулок, 5 ст11",55.76087,37.666303,4.8,21,27,4.6,48,,
CoffeeNat,55.760761,37.664151,7E+16,"Сова, кофейня","Нижний Сусальный переулок, 5 ст10",55.760784,37.664201,,,,,,,
Автомойка,55.757443,37.639769,7E+16,Автомойка by Veladora,"Старосадский переулок, 3 ст2",55.757458,37.639673,2.9,9,22,2.9,9,,
Aspeen,55.77141,37.686258,7E+16,Aspeen coffee,"Малая Почтовая улица, 8 ст3",55.771426,37.686372,4.7,4,5,4.7,4,,
Рябчик,55.760697,37.647353,7E+16,"Рябчик, кафе","улица Макаренко, 2/21 ст3",55.760683,37.647371,4.9,367,397,4.9,367,,
Aaark,55.761618,37.649602,7E+16,"aaark, кафе-пекарня","улица Чаплыгина, 20/7",55.761668,37.649629,4.5,125,167,4.5,125,,
Чапа,55.764289,37.645231,7E+16,"Чапа, экспресс-кофейня","улица Жуковского, 1/2/10 ст2",55.764273,37.645141,3.4,13,23,3.4,13,,
Coffee Way,55.769562,37.679116,7E+16,"Coffee Way, экспресс-кофейня","Бауманская улица, 50/12 ст1",55.769714,37.679133,4.9,33,70,4.9,33,,
Sonder Cafe,55.773128,37.680695,7E+16,"Sonder, кафе","Бакунинская улица, 8",55.773175,37.680697,4.8,18,22,4.8,18,,
Культурный код,55.76798,37.679422,7E+16,"Культурный код, кафе","Бауманская улица, 58/25 ст1",55.768097,37.679478,4.6,11,14,4.6,50,,
Москвич,55.757185,37.657213,,,,,,,,,,,,
Коврижечная,55.771765,37.680924,7E+16,"Коврижечная, кофейня","улица Фридриха Энгельса, 7-21",55.771841,37.681082,5,22,22,5,22,,
Local Time,55.773416,37.669739,,,,,,,,,,,,
Fruits & Veges,55.752679,37.66847,4.50413E+15,"Fruits&Veges, веганское кафе","Нижняя Сыромятническая улица, 10 ст12",55.752713,37.668436,4.5,54,60,4.5,54,4.5,12
Кооператив «Чёрный»,55.76002,37.651832,7E+16,"Кооператив чёрный, кофейня","Лялин переулок, 5 ст1",55.760047,37.651825,4.5,80,162,4.5,80,4,5
Столовая СМ-Энерго,55.769485,37.690859,,,,,,,,,,,,
Sito,55.766124,37.66088,7E+16,"Sito, греческое кафе",,55.766221,37.660946,4.5,29,36,4.5,28,,
Кислород,55.767667,37.679393,4.50413E+15,"Кислород, кафе","Бауманская улица, вл58",55.767693,37.679406,3.8,25,31,3.8,25,3.5,4
